"POSITION","REF_CODON","CODON","REF_AA","AA","FWD_CNT","FWD_DENOM","REV_CNT","REV_DENOM","CNT","DENOM","std.bias","id"
113,"GAT","GTT","D","V",148,241068,6477,230766,6625,471834,7.54490004721941,1617
155,"TTG","TGG","L","W",8,226465,0,252669,8,479134,4.40431710044356,2137
368,"ATA","AGA","I","R",0,231919,64,148709,64,380628,8.34887169241225,5107
460,"GGA","GGC","G","G",12,212900,0,216058,12,428958,5.13562827010978,6432
634,"ATA","ATC","I","I",113,182689,6,206399,119,389088,5.58352231484171,9032
650,"AAA","GTT","K","V",0,189138,8,208056,8,397194,4.21871262006382,9257
698,"ACC","CAT","T","H",8,208772,0,189367,8,398139,4.21430709068763,9941
752,"TTT","TTA","F","L",3,155246,80,202103,83,357349,5.49357619813981,10695
753,"TTG","GTG","L","V",5,159397,63,203280,68,362677,4.26254391015005,10705
