mutation,region,avg_norm_t20_t8,sd_norm_t20_t8,indiv_prot
T15G,P1,0.044998988,0.001880819,VP4
A221V,P1,0.525870221,0.055901688,VP2
Y242Q,P1,0.512596061,0.074075592,VP2
S396N,P1,0.260542528,0.017104194,VP3
P418S,P1,0.686648533,0.036452025,VP3
D535T,P1,0.262919863,0.021469196,VP3
K650Y,P1,0.888848445,0.107280011,VP1
Q694P,P1,0.897873852,0.106111712,VP1
Q702G,P1,0.414326956,0.103943525,VP1
K827V,P1,0.654897475,0.050756924,VP1
G837N,P1,2.146694609,0.561367782,VP1
A853del,P2,0.864641492,0.144794402,2A
Q856H,P2,1.251691006,0.193944551,2A
Y862del,P2,0.651324359,0.058005711,2A
N870I,P2,0.536562393,0.047350605,2A
P924F,P2,0.91731855,0.106821553,2A
Y945E,P2,0.993751955,0.020708953,2A
Y1091E,P2,0.284452842,0.020277182,2B
R1149I,P2,0.233486248,0.01183636,2C
K1359R,P2,1.183187631,0.063782933,2C
H1416S,P2,0.3522851,0.046264266,2C
P1475N,P3,1.009280152,0.130839515,3A
K1528T,P3,0.348230622,0.018564997,3B
E1725F,P3,0.507243506,0.072327525,3D
S1731N,P3,1.054126438,0.091146425,3D
Q1755S,P3,0.995309476,0.175688151,3D
P1771R,P3,0.36781182,0.025028692,3D
K1895V,P3,0.301776287,0.04683386,3D
F2005C,P3,0.491688956,0.011184026,3D
Q2044G,P3,0.265095819,0.113648763,3D
T2176C,P3,0.475404192,0.026066255,3D
