mutation,region,avg_norm_t20_t8,sd_norm_t20_t8,site,wtAA,mutAA,precursor,indiv_prot
T15G,P1,0.044998988,0.001880819,15,T,G,p1,VP4
A221V,P1,0.525870221,0.055901688,221,A,V,p1,VP2
Y242Q,P1,0.512596061,0.074075592,242,Y,Q,p1,VP2
S396N,P1,0.260542528,0.017104194,396,S,N,p1,VP3
P418S,P1,0.686648533,0.036452025,418,P,S,p1,VP3
D535T,P1,0.262919863,0.021469196,535,D,T,p1,VP3
K650Y,P1,0.888848445,0.107280011,650,K,Y,p1,VP1
Q694P,P1,0.897873852,0.106111712,694,Q,P,p1,VP1
Q702G,P1,0.414326956,0.103943525,702,Q,G,p1,VP1
K827V,P1,0.654897475,0.050756924,827,K,V,p1,VP1
G837N,P1,2.146694609,0.561367782,837,G,N,p1,VP1
A853del,P2,0.864641492,0.144794402,853,A,del,P2,2A
Q856H,P2,1.251691006,0.193944551,856,Q,H,P2,2A
Y862del,P2,0.651324359,0.058005711,862,Y,del,P2,2A
N870I,P2,0.536562393,0.047350605,870,N,I,P2,2A
P924F,P2,0.91731855,0.106821553,924,P,F,P2,2A
Y945E,P2,0.993751955,0.020708953,945,Y,E,P2,2A
Y1091E,P2,0.284452842,0.020277182,1091,Y,E,P2,2B
R1149I,P2,0.233486248,0.01183636,1149,R,I,P2,2C
K1359R,P2,1.183187631,0.063782933,1359,K,R,P2,2C
H1416S,P2,0.3522851,0.046264266,1416,H,S,P2,2C
P1475N,P3,1.009280152,0.130839515,1475,P,N,P3,3A
K1528T,P3,0.348230622,0.018564997,1528,K,T,P3,3B
E1725F,P3,0.507243506,0.072327525,1725,E,F,P3,3D
S1731N,P3,1.054126438,0.091146425,1731,S,N,P3,3D
Q1755S,P3,0.995309476,0.175688151,1755,Q,S,P3,3D
P1771R,P3,0.36781182,0.025028692,1771,P,R,P3,3D
K1895V,P3,0.301776287,0.04683386,1895,K,V,P3,3D
F2005C,P3,0.491688956,0.011184026,2005,F,C,P3,3D
Q2044G,P3,0.265095819,0.113648763,2044,Q,G,P3,3D
T2176C,P3,0.475404192,0.026066255,2176,T,C,P3,3D
