"POSITION","REF_CODON","CODON","REF_AA","AA","FWD_CNT","FWD_DENOM","REV_CNT","REV_DENOM","CNT","DENOM","std.bias","id"
91,"ACC","CCC","T","P",0,202275,14,91468,14,293743,5.41700875735052,1516
175,"TAT","TCT","Y","S",739,133875,1,168295,740,302170,11.8270105822039,2679
366,"ATG","AGG","M","R",26,153788,1,147754,27,301542,5.13144134149743,5495
368,"ATA","AGA","I","R",0,169189,68,111544,68,280733,8.46830415059192,5534
500,"ATA","CTA","I","L",28,158749,1,155972,29,314721,5.31805539581309,7475
786,"CTA","GTA","L","V",0,101383,8,100346,8,201729,4.40646895817581,11921
