"POSITION","REF_CODON","CODON","REF_AA","AA","FWD_CNT","FWD_DENOM","REV_CNT","REV_DENOM","CNT","DENOM","std.bias","id"
68,"CTC","TTC","L","F",8,112140,0,95475,8,207615,4.08974704819823,766
74,"GAG","GTG","E","V",1,129388,22,86310,23,215698,4.88805176900481,823
87,"TTA","TTT","L","F",0,130221,17,86366,17,216587,5.78210047662278,947
176,"ACC","TCC","T","S",7,119646,0,134151,7,253797,4.17123684902549,1829
463,"CTT","ATT","L","I",14,111157,1,116043,15,227200,4.04598236081049,4739
677,"TTT","TGT","F","C",0,108238,13,104322,13,212560,5.28284058457416,7000
711,"ATT","CTT","I","L",0,120995,11,109752,11,230747,4.97550875883446,7382
717,"GGT","TGT","G","C",0,112947,17,112402,17,225349,5.7837946758766,7437
783,"ATG","CTG","M","L",0,106190,9,82621,9,188811,4.61120495453325,8085
825,"TAC","TCC","Y","S",0,389552,7,106556,7,496108,4.16005127853389,8527
833,"TTC","GTC","F","V",1,268892,35,237088,36,505980,5.78313965276543,8626
