"POSITION","REF_CODON","CODON","REF_AA","AA","FWD_CNT","FWD_DENOM","REV_CNT","REV_DENOM","CNT","DENOM","std.bias","id"
4,"CAA","CCA","Q","P",0,442147,21,300813,21,742960,6.18304060018322,45
9,"AAG","ACG","K","T",9,436957,0,342609,9,779566,4.13486496058735,138
44,"CAG","TAG","Q",".",0,67529,19,137325,19,204854,4.58228456732448,684
242,"TAT","TTT","Y","F",0,115585,7,107547,7,223132,4.1723201679048,3338
368,"ATA","AGA","I","R",1,112109,138,62545,139,174654,8.48271762818998,4755
475,"ACA","ACG","T","T",1,107334,14,107683,15,215017,4.04136721459083,6137
