"POSITION","REF_CODON","CODON","REF_AA","AA","FWD_CNT","FWD_DENOM","REV_CNT","REV_DENOM","CNT","DENOM","std.bias","id"
102,"GGT","TGT","G","C",0,43144,10,47286,10,90430,4.62354582291488,2027
116,"TAC","GGA","Y","G",0,51227,8,39161,8,90388,4.40164508447194,2329
129,"CCA","CTA","P","L",9,54254,0,39898,9,94152,4.00829387964733,2583
134,"GGT","GGG","G","G",0,53288,7,42910,7,96198,4.16896407089116,2641
152,"GGC","CAT","G","H",0,42685,11,48468,11,91153,4.72440871404023,2929
167,"GAT","CAA","D","Q",0,39270,11,48881,11,88151,4.54275953076748,3195
176,"GAC","CTA","D","L",0,41317,8,45600,8,86917,4.21216550363705,3345
179,"GAA","AAG","E","K",7,41019,0,44607,7,85626,4.17200577713475,3376
196,"CAA","AAG","Q","K",0,41039,10,45006,10,86045,4.62113084770828,3629
206,"GGT","GCA","G","A",7,43402,0,44507,7,87909,4.17363790106689,3809
206,"GGT","GGC","G","G",0,43402,7,44507,7,87909,4.12525832654563,3811
226,"GTA","ACC","V","T",0,51883,7,36716,7,88599,4.16667402443787,4080
267,"ATG","CAA","M","Q",0,36488,10,49097,10,85585,4.21776481306812,4702
307,"ATT","TGC","I","C",0,42472,7,40005,7,82477,4.17264799486289,5258
316,"GAG","GAA","E","E",7,42186,0,39273,7,81459,4.03278937836943,5417
462,"TGC","TGA","C",".",0,43289,8,44821,8,88110,4.3388608523395,7030
505,"GAT","GAC","D","D",7,41639,0,46747,7,88386,4.17119933306288,7432
517,"ATG","GTG","M","V",0,44918,7,43713,7,88631,4.17356794147212,7548
532,"AAC","CTA","N","L",0,56635,7,45250,7,101885,4.16881966095021,7753
596,"GAG","TAG","E",".",11,93375,0,150803,11,244178,4.97247205232422,8695
