"POSITION","REF_CODON","CODON","REF_AA","AA","FWD_CNT","FWD_DENOM","REV_CNT","REV_DENOM","CNT","DENOM","std.bias","id"
171,"GAA","GGA","E","G",0,139131,8,162522,8,301653,4.10050934173926,3911
173,"GGA","TTT","G","F",7,139206,0,161174,7,300380,4.17047004593452,3943
191,"AAC","TAC","N","Y",0,143762,7,151100,7,294862,4.0758874648881,4246
194,"TGT","CTA","C","L",0,143145,7,151329,7,294474,4.06519987908373,4295
304,"AAA","ACC","K","T",9,153162,0,145858,9,299020,4.51825523964677,6416
364,"CTC","CAC","L","H",9,170893,0,176319,9,347212,4.61451507427949,7565
450,"TGC","AAT","C","N",0,156345,8,178224,8,334569,4.14860830773296,8740
