"POSITION","REF_CODON","CODON","REF_AA","AA","FWD_CNT","FWD_DENOM","REV_CNT","REV_DENOM","CNT","DENOM","std.bias","id"
36,"AAC","ACC","N","T",155,541178,5,405227,160,946405,5.94069345902614,628
104,"GTA","GAA","V","E",0,163343,8,187881,8,351224,4.13075457596179,2373
118,"TCC","ACA","S","T",12,191003,0,156509,12,347512,4.74081278076418,2714
143,"ATT","ATA","I","I",7,173928,0,171415,7,345343,4.14577719043474,3259
145,"ATT","TAC","I","Y",7,167986,0,177803,7,345789,4.17273243530403,3304
171,"GAA","GAC","E","D",9,141048,0,164209,9,305257,4.61251179190499,3885
291,"TGG","TGA","W",".",8,165839,0,143195,8,309034,4.11699659579472,6174
297,"CAG","TAC","Q","Y",10,158088,0,147102,10,305190,4.66146615973421,6275
320,"AGA","CTA","R","L",0,161948,8,149996,8,311944,4.40498246044897,6781
358,"TGC","TTT","C","F",8,174480,0,174693,8,349173,4.40668781992666,7435
362,"GCT","GAC","A","D",7,172717,0,177634,7,350351,4.17355273324674,7497
446,"ATG","ATA","M","I",1,164244,16,182996,17,347240,4.08105573020597,8650
487,"CCG","ATG","P","M",0,152565,7,158588,7,311153,4.09766790372744,9133
517,"ATG","TGT","M","C",9,175446,0,157638,9,333084,4.40344998837105,9525
