"POSITION","REF_CODON","CODON","REF_AA","AA","FWD_CNT","FWD_DENOM","REV_CNT","REV_DENOM","CNT","DENOM","std.bias","id"
54,"GAA","TCC","E","S",10,106124,0,93067,10,199191,4.54333183463332,1016
76,"TTC","CTA","F","L",0,132562,8,95121,8,227683,4.4007873459823,1429
159,"TGG","TGT","W","C",0,140393,13,135002,13,275395,5.28281994273109,2553
175,"AAT","ACT","N","T",21,134715,0,142329,21,277044,6.18393268657621,2786
178,"GAG","GCG","E","A",0,134564,7,140129,7,274693,4.09462112083525,2876
239,"ATT","AGT","I","S",0,140458,7,125746,7,266204,4.17132468204666,3848
265,"TTC","GTC","F","V",0,154681,19,129657,19,284338,5.99321878195115,4177
290,"AAT","ACT","N","T",20,124631,0,152044,20,276675,6.09056184659813,4418
290,"AAT","CAT","N","H",204,124631,0,152044,204,276675,10.6460358889518,4420
312,"GAA","TAC","E","Y",0,136193,7,142216,7,278409,4.08908827950555,4714
366,"ATA","ATT","I","I",0,130031,8,124637,8,254668,4.40572947779281,5678
387,"GAC","TTT","D","F",8,154208,0,126972,8,281180,4.02373806929677,6012
391,"GGC","ATT","G","I",8,148661,0,129144,8,277805,4.12921854816652,6056
402,"CCA","ATG","P","M",0,148157,7,145361,7,293518,4.17380814003584,6271
410,"TAC","TCC","Y","S",15,143556,0,150884,15,294440,5.54870475825395,6410
443,"ACT","CGG","T","R",12,139878,0,138915,12,278793,5.12231955768595,6858
466,"GTA","GAA","V","E",0,162967,8,143522,8,306489,4.40397781796044,7176
572,"AAC","GAT","N","D",9,116605,0,128165,9,244770,4.61341326542822,8624
591,"GTG","GAG","V","E",0,125396,8,124871,8,250267,4.40661841594163,8871
647,"ATA","ATC","I","I",12,118774,0,135276,12,254050,5.13444863259876,9506
